1,2022-05-15,18:00:00,22:00:00,300,'http://fakephotosite.com/photo1.jpg','http://fakevideosite.com/video1.mp4'
2,2022-06-20,19:30:00,23:00:00,250,'http://fakephotosite.com/photo2.jpg','http://fakevideosite.com/video2.mp4'
3,2022-07-12,20:00:00,22:30:00,200,'http://fakephotosite.com/photo3.jpg','http.fakevideosite.com/video3.mp4'
4,2022-08-05,17:45:00,21:15:00,350,'http://fakephotosite.com/photo4.jpg','http://fakevideosite.com/video4.mp4'
5,2022-09-28,18:30:00,22:30:00,300,'http://fakephotosite.com/photo5.jpg','http://fakevideosite.com/video5.mp4'
6,2022-10-15,19:00:00,23:00:00,280,'http://fakephotosite.com/photo6.jpg','http://fakevideosite.com/video6.mp4'
7,2022-11-08,20:15:00,22:45:00,230,'http://fakephotosite.com/photo7.jpg','http://fakevideosite.com/video7.mp4'
8,2022-12-01,18:45:00,22:15:00,320,'http://fakephotosite.com/photo8.jpg','http://fakevideosite.com/video8.mp4'
9,2023-01-20,19:30:00,23:30:00,270,'http://fakephotosite.com/photo9.jpg','http://fakevideosite.com/video9.mp4'
10,2023-02-12,20:45:00,22:45:00,300,'http://fakephotosite.com/photo10.jpg','http://fakevideosite.com/video10.mp4'
11,2023-03-25,18:15:00,22:30:00,260,'http://fakephotosite.com/photo11.jpg','http://fakevideosite.com/video11.mp4'
12,2023-04-18,19:00:00,23:15:00,310,'http://fakephotosite.com/photo12.jpg','http://fakevideosite.com/video12.mp4'
13,2023-05-10,20:30:00,22:45:00,280,'http://fakephotosite.com/photo13.jpg','http://fakevideosite.com/video13.mp4'
14,2023-06-02,18:45:00,22:00:00,320,'http://fakephotosite.com/photo14.jpg','http://fakevideosite.com/video14.mp4'
15,2023-07-15,19:15:00,23:30:00,290,'http://fakephotosite.com/photo15.jpg','http://fakevideosite.com/video15.mp4'
16,2023-08-08,20:00:00,22:30:00,250,'http://fakephotosite.com/photo16.jpg','http://fakevideosite.com/video16.mp4'
17,2023-09-01,18:30:00,22:15:00,330,'http://fakephotosite.com/photo17.jpg','http://fakevideosite.com/video17.mp4'
18,2023-10-20,19:45:00,23:00:00,280,'http://fakephotosite.com/photo18.jpg','http://fakevideosite.com/video18.mp4'
19,2023-11-12,20:15:00,22:45:00,260,'http://fakephotosite.com/photo19.jpg','http://fakevideosite.com/video19.mp4'
20,2023-12-05,18:45:00,22:30:00,310,'http://fakephotosite.com/photo20.jpg','http://fakevideosite.com/video20.mp4'
