21,2024-02-20,18:30:00,400,45,'http://futuresite.com/concert21'
22,2024-03-15,19:00:00,350,70,'http://futuresite.com/concert22'
23,2024-04-10,20:15:00,300,25,'http://futuresite.com/concert23'
24,2024-05-05,17:45:00,450,55,'http://futuresite.com/concert24'
25,2024-06-28,19:30:00,400,90,'http://futuresite.com/concert25'
26,2024-07-15,20:00:00,350,30,'http://futuresite.com/concert26'
27,2024-08-08,18:15:00,300,80,'http://futuresite.com/concert27'
28,2024-09-01,19:00:00,450,40,'http://futuresite.com/concert28'
29,2024-10-20,20:30:00,400,75,'http://futuresite.com/concert29'
30,2024-11-12,18:45:00,350,20,'http://futuresite.com/concert30'
31,2024-12-05,19:15:00,300,65,'http://futuresite.com/concert31'
32,2025-01-25,20:45:00,450,35,'http://futuresite.com/concert32'
33,2025-02-18,18:30:00,400,80,'http://futuresite.com/concert33'
34,2025-03-12,19:00:00,350,15,'http://futuresite.com/concert34'
35,2025-04-07,20:15:00,300,60,'http://futuresite.com/concert35'
36,2025-05-30,18:45:00,450,95,'http://futuresite.com/concert36'
37,2025-06-15,19:30:00,400,25,'http://futuresite.com/concert37'
38,2025-07-08,20:00:00,350,70,'http://futuresite.com/concert38'
39,2025-08-01,18:15:00,300,40,'http://futuresite.com/concert39'
40,2025-09-20,19:00:00,450,85,'http://futuresite.com/concert40'
41,2025-10-12,20:30:00,400,20,'http://futuresite.com/concert41'
42,2025-11-05,18:45:00,350,75,'http://futuresite.com/concert42'
43,2025-12-28,19:15:00,300,30,'http://futuresite.com/concert43'
44,2026-01-20,20:45:00,450,65,'http://futuresite.com/concert44'
45,2026-02-12,18:30:00,400,10,'http://futuresite.com/concert45'
46,2026-03-07,19:00:00,350,55,'http://futuresite.com/concert46'
47,2026-04-30,20:15:00,300,90,'http://futuresite.com/concert47'
48,2026-05-15,18:45:00,450,25,'http://futuresite.com/concert48'
49,2026-06-08,19:30:00,400,70,'http://futuresite.com/concert49'
50,2026-07-01,20:00:00,350,15,'http://futuresite.com/concert50'
