1,1,Playlist_1,2023-02-15,15,A mix of rock and pop classics.
2,2,My_Jams,2023-03-20,18,Eclectic collection of favorite tunes.
3,3,Chill_Vibes,2023-04-10,12,Relaxing melodies for a laid-back day.
4,4,Beats_On_Fire,2023-05-05,20,Energetic beats to keep the party alive.
5,5,Instrumental_Wonders,2023-06-28,10,Beautiful instrumental pieces.
6,6,Midnight_Mix,2023-07-15,17,Perfect for late-night contemplation.
7,7,Feel_Good_Tunes,2023-08-08,14,Upbeat tracks to lift your spirits.
8,8,Serene_Sounds,2023-09-01,19,Tranquil melodies for peaceful moments.
9,9,Epic_Journey,2023-10-20,16,Soundtrack-like music for an epic journey.
10,10,Groovy_Grooves,2023-11-12,13,Funky and groovy tunes for dancing.
11,11,Soulful_Serenade,2023-12-05,11,Soulful tunes to serenade the soul.
12,12,Acoustic_Wonders,2024-01-20,20,Unplugged acoustic performances.
13,13,Rainy_Day_Tunes,2024-02-12,14,Perfect for a cozy day indoors.
14,14,Summer_Sunshine,2024-03-25,16,Songs that capture the essence of summer.
15,15,Jazzed_Up,2024-04-18,18,A collection of jazz masterpieces.
16,16,Upbeat_Pop,2024-05-10,15,Uplifting and catchy pop hits.
17,17,Guitar_Heroes,2024-06-02,12,Celebrating the mastery of guitarists.
18,18,Piano_Magic,2024-07-15,19,Magical piano performances.
19,19,Dance_Floor_Favorites,2024-08-08,17,Tracks that get you moving on the dance floor.
20,20,Rock_Anthems,2024-09-01,20,Classic and modern rock anthems.
21,1,Electronic_Experience,2024-10-20,16,Immersive electronic music journey.
22,2,Old_School_Hits,2024-11-12,14,Timeless hits from the past.
23,3,Indie_Vibes,2024-12-05,18,Discover new indie gems.
24,4,R&B_Soul,2025-01-20,13,Smooth R&B and soulful tunes.
25,5,Reggae_Rhythms,2025-02-12,15,Feel the laid-back vibes of reggae.
26,6,Country_Favorites,2025-03-07,12,Chart-topping country hits.
27,7,Hip_Hop_Heads,2025-04-30,19,The best in hip-hop culture.
28,8,Latin_Fiesta,2025-05-15,17,Get ready to dance with Latin beats.
29,9,Classical_Masters,2025-06-08,14,Timeless classical compositions.
30,10,Alternative_Alleys,2025-07-01,20,Explore the alleys of alternative music.
31,11,Metal_Mayhem,2025-08-01,16,For those who love the power of metal.
32,12,Punk_Attitude,2025-09-20,18,Attitude-packed punk anthems.
33,13,Blues_Express,2025-10-12,15,Journey through the blues express.
34,14,Folk_Feels,2025-11-05,19,Heartfelt tunes from the folk genre.
35,15,World_Wonders,2025-12-28,17,Explore the wonders of world music.
36,16,EDM_Explosion,2026-01-20,14,A explosion of electronic dance music.
37,17,Hype_Hipster,2026-02-12,20,Curated for the hype hipster crowd.
38,18,Pop_Parade,2026-03-07,18,A parade of the latest pop hits.
39,19,Soothing_Sounds,2026-04-30,15,Sounds that soothe the soul.
40,20,Ethereal_Exploration,2026-05-15,19,An exploration of ethereal sounds.
41,1,Synthwave_Sensation,2026-06-08,16,Sensation of the synthwave genre.
42,2,Rockabilly_Rhythms,2026-07-01,14,Rhythms that define rockabilly.
43,3,Trance_Trip,2026-07-25,17,Take a trip with trance beats.
44,4,Grunge_Gravity,2026-08-15,19,Gravity-defying grunge anthems.
45,5,Motown_Magic,2026-09-05,16,The magic of Motown classics.
46,6,J-pop_Journey,2026-09-25,18,Embark on a J-pop journey.
47,7,K-pop_Kaleidoscope,2026-10-15,15,Experience the kaleidoscope of K-pop.
48,8,Smooth_Jazz_Jam,2026-11-05,19,Jam to the smooth sounds of jazz.
49,9,African_Rhythms,2026-11-25,14,Feel the vibrant rhythms of Africa.
50,10,Caribbean_Carnival,2026-12-15,16,Join the carnival with Caribbean beats.
